{
  "metrics/precision(B)": 0.7969511274746777,
  "metrics/recall(B)": 0.6527079843662759,
  "metrics/mAP50(B)": 0.7079401761538104,
  "metrics/mAP50-95(B)": 0.4928351111691012,
  "fitness": 0.4928351111691012,
  "model": "rtdetr_l"
}